{
  "a white image with a black square": 0.9996488094329834,
  "a photo of a dog": 4.988279033568688e-05,
  "a handwritten equation": 0.0003012118104379624
}