{"text": " And so, my fellow Americans ask not what your country can do for you ask what you can do for your country.", "segments": [{"id": 0, "seek": 0, "start": 0.0, "end": 8.0, "text": " And so, my fellow Americans ask not what your country can do for you", "tokens": [50363, 843, 523, 11, 616, 5891, 3399, 1265, 407, 644, 534, 1499, 460, 466, 329, 345, 50763], "temperature": 0.0, "avg_logprob": -0.2897473368151435, "compression_ratio": 1.3417721518987342, "no_speech_prob": 0.0632646232843399}, {"id": 1, "seek": 0, "start": 8.0, "end": 11.0, "text": " ask what you can do for your country.", "tokens": [50763, 1265, 644, 345, 460, 466, 329, 534, 1499, 13, 50913], "temperature": 0.0, "avg_logprob": -0.2897473368151435, "compression_ratio": 1.3417721518987342, "no_speech_prob": 0.0632646232843399}], "language": "en"}